	complexity	length	TE	TE_inf	expr_x	expr_y	index_column	method	exp_type	data_version	system	snr	init
0	6	8	2.2876325969789164	2.397547157183523	0.016*x	-0.008*x	0	proged	numdif	all	shearflow	30	3
1	7	10	2.277257662894583	2.378937390414826	0.016*x	0.006*x*y	1	proged	numdif	all	shearflow	30	3
2	8	13	1.9305750278602631	1.9877634895067935	1.245*y + 1.937	-0.008*x	2	proged	numdif	all	shearflow	30	3
3	9	15	1.8996584114295447	1.9482912226210822	1.245*y + 1.937	0.006*x*y	3	proged	numdif	all	shearflow	30	3
4	10	16	1.3570987409111241	1.203173159213154	1.245*y + 1.937	0	4	proged	numdif	all	shearflow	30	3
5	11	18	1.1749823924853786	0.9332728305800304	1.245*y + 1.937	0	5	proged	numdif	all	shearflow	30	3
6	12	21	0.9446025427873823	0.5434178414804723	1.245*y + 1.937	0.013	6	proged	numdif	all	shearflow	30	3
7	14	24	0.8962076313864757	0.44967444159179026	0.538 - 0.09*y**4	0.013	7	proged	numdif	all	shearflow	30	3
