	index	complexity	length	TE	TE_inf	expr_x	expr_y	index_column	method	data_version	system	snr	init
5	181	24	56	0.7032074946698395	0.7032074946698395	-x1*x2**2/(-x1 + 3*x2) + 2*x1	x1 - 0.313*x2	181	dso	all	predprey	inf	0
4	162	14	61	0.9875395542942702	0.9875395542942702	-x1*x2/3 + 2*x1	x1 - 0.453*x2 + 0.915	162	dso	all	predprey	inf	0
3	161	13	42	1.0359132496188037	1.0359132496188037	-x1*x2/3 + 2*x1	x1 - 0.313*x2	161	dso	all	predprey	inf	0
2	2	9	49	1.9724153874896877	1.9724153874896877	-x1	x1 - 0.453*x2 + 0.915	2	dso	all	predprey	inf	0
1	1	8	30	2.2267111722478043	2.2267111722478043	-x1	x1 - 0.313*x2	1	dso	all	predprey	inf	0
0	0	6	25	3.130076735754224	3.130076735754224	-x1	x1 - 1.449	0	dso	all	predprey	inf	0
