	complexity	length	TE	TE_inf	expr_x	expr_y	index_column	method	exp_type	data_version	system	snr	init
0	6	8	0.6944607536076037	0.6999557148981469	-0.148*x	1.104*x	0	proged	numdif	all	glider	30	2
1	11	16	0.5436964295223808	0.5418222309224257	-0.148*x	1.859/cos(0.261*x)	1	proged	numdif	all	glider	30	2
2	10	16	0.5688893348103797	0.5685758991663592	-0.148*x	0.002*x**5 + 2.083	2	proged	numdif	all	glider	30	2
3	8	13	0.6649761672196449	0.6581071385998736	0.045*y - 0.969	1.104*x	3	proged	numdif	all	glider	30	2
4	16	28	0.40315899256346	0.3860911808776353	0.045*y - 0.969	1.36 + 4.99/(0.286*y + 0.996)	4	proged	numdif	all	glider	30	2
5	13	21	0.4042693202167113	0.38068737515828227	0.045*y - 0.969	1.859/cos(0.261*x)	5	proged	numdif	all	glider	30	2
6	12	21	0.42132277826948267	0.39711114819567517	0.045*y - 0.969	0.002*x**5 + 2.083	6	proged	numdif	all	glider	30	2
7	22	43	0.31423964192242904	0.2900015764700075	-0.228*x - 0.884*sin(0.997*y) + 0.239	1.36 + 4.99/(0.286*y + 0.996)	7	proged	numdif	all	glider	30	2
8	19	36	0.38235466015673236	0.3610384318875193	-0.228*x - 0.884*sin(0.997*y) + 0.239	1.859/cos(0.261*x)	8	proged	numdif	all	glider	30	2
