	index	complexity	length	TE	TE_inf	expr_x	expr_y	index_column	method	data_version	system	snr	init
5	184	26	141	2.6044500315587307	2.616114528273817	4.914 - 6.435/(0.388*x2**2 - x2 + 1.443)	x1/(0.09*x1*x2 + 0.377)	184	dso	all	stl	13	0
3	4	13	72	2.738075652942848	2.7463034143843643	-2.465*x2	x1/(0.09*x1*x2 + 0.377)	4	dso	all	stl	13	0
4	61	12	59	4.056059837542508	4.113876240607036	x2*(x1**2 - 2.985)	x1*(x2 + 2.835)	61	dso	all	stl	13	0
2	2	10	51	4.388881616649126	4.4295147244938935	-2.465*x2	x1*(x2**2 + 2.505)	2	dso	all	stl	13	0
1	1	8	49	4.991969818522618	5.065349731534608	-2.465*x2	x1*(x2 + 2.835)	1	dso	all	stl	13	0
0	0	6	42	5.086801906688521	5.162147949189128	-2.465*x2	2.991*x1	0	dso	all	stl	13	0
