	index	complexity	length	TE	TE_inf	expr_x	expr_y	index_column	method	data_version	system	snr	init
8	331	36	246	0.4397855848686263	0.4397855848686263	-0.753*x2*(0.789*x1**2/x2 + 0.783*x2) - 2.955*x2 + 0.591	2.957*x1 - 0.02*x2 + 0.009	331	dso	all	stl	inf	1
7	328	35	221	0.44171007433471493	0.44171007433471493	-0.753*x2*(0.789*x1**2/x2 + 0.783*x2) - 2.955*x2 + 0.591	2.957*x1 - 0.019*x2	328	dso	all	stl	inf	1
6	326	33	219	0.48799281001532147	0.48799281001532147	-0.753*x2*(0.789*x1**2/x2 + 0.783*x2) - 2.955*x2 + 0.591	2.957*x1 + 0.008	326	dso	all	stl	inf	1
5	324	31	196	0.4958967082329616	0.4958967082329616	-0.753*x2*(0.789*x1**2/x2 + 0.783*x2) - 2.955*x2 + 0.591	2.958*x1	324	dso	all	stl	inf	1
4	13	30	154	0.5100342173975094	0.5100342173975094	-2.952*x2	2.954*x1 - 0.001*x2/(x1*(-x1 - x2 - 0.204) - x1 + 2.671*x2 + 2.874)	13	dso	all	stl	inf	1
3	7	11	91	0.514231592177699	0.514231592177699	-2.952*x2	2.957*x1 - 0.02*x2 + 0.009	7	dso	all	stl	inf	1
2	5	10	66	0.5164218227015058	0.5164218227015058	-2.952*x2	2.957*x1 - 0.019*x2	5	dso	all	stl	inf	1
1	2	8	64	0.5458792257016998	0.5458792257016998	-2.952*x2	2.957*x1 + 0.008	2	dso	all	stl	inf	1
0	0	6	41	0.5473669096803495	0.5473669096803495	-2.952*x2	2.958*x1	0	dso	all	stl	inf	1
