	complexity	length	TE	TE_inf	expr_x	expr_y	index_column	method	exp_type	data_version	system	snr	init
0	6	8	3.3055898512394064	4.0596088102753844	-0.067*y	0.021*x	0	proged	numdif	allonger	shearflow	13	1
1	10	18	2.6157027973541016	2.999338621446922	-0.067*y	1.607*sin(3.426*x*y)	1	proged	numdif	allonger	shearflow	13	1
2	11	16	2.437645914288752	2.6874011039234285	-0.067*y	-0.003/sin(3.69*y)	2	proged	numdif	allonger	shearflow	13	1
3	52	102	2.1389810561250675	2.2413219226561854	-0.234*x**2*y**2*cos(0.597*y)*cos(1.817*x*y) - 1.677*y**2 + 5.0*y - 0.454*y/(-3.553*x*y**2*sin(2.118*y) + 4.71) - 3.349	-0.003/sin(3.69*y)	3	proged	numdif	allonger	shearflow	13	1
4	18	31	2.342356665522593	2.5595671975611447	-2.089*x*sin(2.733*x**2*y)	-0.003/sin(3.69*y)	4	proged	numdif	allonger	shearflow	13	1
5	21	38	2.2625747747771	2.404687009963179	-2.089*x*sin(2.733*x**2*y)	-0.019/(y**3*cos(4.599*x))	5	proged	numdif	allonger	shearflow	13	1
