	complexity	length	TE	TE_inf	expr_x	expr_y	index_column	method	exp_type	data_version	system	snr	init
0	12	24	0.8562459559236639	0.5639316729804557	2.258*cos(0.264*x)	-0.446*sin(0.531*x)	0	proged	numdif	all	barmag	30	2
1	16	34	0.7411059287155719	0.45383533473781557	2.258*cos(0.264*x)	-0.45*sin(4.07*y - 3.297) - 0.454	1	proged	numdif	all	barmag	30	2
2	20	44	0.5742213119684432	0.2707625783246294	2.258*cos(0.264*x)	-0.67*sin(0.869*x) + 4.47*cos(0.501*y) - 5.0	2	proged	numdif	all	barmag	30	2
3	28	61	0.5634089596881601	0.35119720214407923	4.971 - 5.0*cos(0.051*x - 1.098*y)	-0.592*sin(0.871*x) - 0.29*cos(3.725*y - 4.426) - 0.828	3	proged	numdif	all	barmag	30	2
4	27	58	0.5728040592471875	0.37145804496743917	4.971 - 5.0*cos(0.051*x - 1.098*y)	-0.58*sin(0.871*x) + 0.268*sin(4.235*y) - 0.8	4	proged	numdif	all	barmag	30	2
5	29	58	0.5426647116819743	0.29966926245630543	4.971 - 5.0*cos(0.051*x - 1.098*y)	-0.947*sin(2.31*y) + 0.874*sin(0.51*x - 2.208*y)	5	proged	numdif	all	barmag	30	2
