eqs_lv_all_len100_snrinf_init0_obsxy,key2
0.3517971733088004*x_1 + (2.325883019703289 - 33.08475920888267*x_0)*(0.1228491059033168*x_0 - 0.0012280422539080894) - 0.73450238408769215,0.3517971733088004*x_1 + (2.325883019703289 - 33.08475920888267*x_0)*(0.1228491059033168*x_0 - 0.0012280422539080894) - 0.73450238408769215
-0.5332040664346328*x_1 + (0.12056117435442748 - 0.03158095710287769*x_1)*(0.1686089902464037 - 2.7559799419580067*x_0)*(55.11959883916013*x_0 - 3.880179804928074) + 1.1043654088677757,-0.5332040664346328*x_1 + (0.12056117435442748 - 0.03158095710287769*x_1)*(0.1686089902464037 - 2.7559799419580067*x_0)*(55.11959883916013*x_0 - 3.880179804928074) + 1.1043654088677757
